0	rosa	File:Red rose flower close up.jpg	CC BY-SA 4.0
1	rosa	File:A close-up of climbing roses.jpg	CC0
2	rosa	File:Close up of Red Rose in Brooklyn botanic garden.jpg	CC BY-SA 4.0
3	rosa	File:Dark rose close up.jpg	CC BY 4.0
4	girasol	File:Sunflower field in late afternoon sun with cloudy sky in Munich, Germany.jpg	CC0
5	girasol	File:Sunflower field in late afternoon sun with cloudy sky in Munich, Germany (edited to emphasize colours).jpg	CC0
6	girasol	File:Sunflower Field and Blue Sky.JPG	CC BY-SA 4.0
7	girasol	File:Young sunflower with clear sky background.jpg	CC BY-SA 2.0
8	margaritas	File:Flower meadow in fog. Magenta paintbrush, daisy, valerian, etc. (94acf59f0ebd4b3983c777bff9d817ad).JPG	Public domain
9	margaritas	File:Meadow full of daisies, Idstein.jpg	CC0
10	margaritas	File:Meadow Daisy (20634448372).jpg	CC BY-SA 2.0
11	margaritas	File:Sunset light on Tatoosh Range. Viewed from Skyline trail with trees and flower meadow (paintbrush, lousewort, daisy, etc) (f38c94a22f164c28831924c5a850c6ae).JPG	Public domain
12	rosas_rosas	File:Bouquet de roses roses.jpg	CC BY-SA 3.0
13	rosas_rosas	File:Bouquet de roses doubles - Rosier buisson.jpg	CC BY-SA 4.0
14	rosas_rosas	File:Bouquet of roses in front of painting.jpg	CC BY-SA 4.0
15	rosas_rosas	File:Bouquet of roses of various colours.jpg	CC BY-SA 4.0
16	cafe	File:Kappabashi-dori streetcorner (Kitchen town - southern end) a sunny morning in Tokyo Japan.jpg	CC BY-SA 4.0
17	cafe	File:Woman sitting on the bed, holding a cup of coffee and reading a book copy.jpg	CC BY 2.0
18	cafe	File:Morning cup of coffee black no sugar.jpg	Public domain
19	cafe	File:Ash Wednesday cup of coffee in New Orleans, 2006.jpg	CC BY 2.0
20	amanecer	File:Sunrise over the Aylestone Meadows - geograph.org.uk - 8223406.jpg	CC BY-SA 2.0
21	amanecer	File:Mt Rainier over flower meadow at Yakima Park (Sunrise). August, 1979. slide (9c70022a4bd84d849097cc2597ac1b4d).jpg	Public domain
22	amanecer	File:Golden sunrise and low lying clouds over the Alpe Di Siusi.jpg	CC BY-SA 2.0
23	amanecer	File:Sunrise over a meadow (Unsplash).jpg	CC0
24	playa	File:Havelock Island, Mangrove tree on the beach, Andaman Islands.jpg	CC BY 4.0
25	playa	File:Havelock Island, Sandy lagoon, Andaman Islands.jpg	CC BY 4.0
26	playa	File:Havelock Island, Tropical bliss, Andaman Islands.jpg	CC BY 4.0
27	playa	File:Havelock Island, Mangrove trees in tropical sea, Andaman Islands.jpg	CC BY 4.0
28	bokeh	File:20231223 una tazza di bokeh PD104696 1.jpg	CC BY-SA 4.0
29	bokeh	File:Raindrops on a window with vibrant bokeh lights creating an artistic, abstract effect.jpg	CC BY-SA 4.0
30	bokeh	File:Christmas Lights and Bokeh.jpg	CC BY-SA 4.0
31	bokeh	File:Abstract bokeh lights (22142580635).jpg	CC BY-SA 2.0
32	mariposa	File:Danaus plexippus (7).jpg	CC BY 2.0
33	mariposa	File:ComputerHotline - Danaus plexippus (by) (3).jpg	CC BY 2.0
34	mariposa	File:Monarch caterpillar (23229).jpg	CC BY-SA 4.0
35	tulipanes	File:Amsterdam musee van gogh monet tulipes moulins.JPG	Public domain
36	tulipanes	File:Amiens France Field-of-tulips-01.jpg	CC BY-SA 3.0
37	tulipanes	File:Lonely Tulip In A Field Of Tulips (214139655).jpeg	CC0
38	tulipanes	File:Tulip Field Tulips Red Holland Nature Flowers.jpg	CC0
