1	File:Theodor Kittelsen - Pesta on the Stairs - NG.K&H.1982.0026 - National Museum of Art, Architecture and Design.jpg	Public domain
2	File:Theodor Kittelsen - Pesta i trappen, 1896 (Pesta on the Stairs).jpg	Public domain
3	File:Theodor Kittelsen painting2.jpg	Public domain
4	File:Kittelsen - Die Pest auf der Treppe - 1896.jpeg	Public domain
5	File:Kittelsen - Nøkken (Nasjonalmuseet)2.jpg	Public domain
6	File:Nøkken at Nasjonalgalleriet.jpg	Public domain
7	File:Nøkken (12924042635).jpg	No restrictions
8	File:Nokken av Theodor Kittelsen.png	Public domain
9	File:Hans Holbein - Dance of Death- The Creation - 1929.144 - Cleveland Museum of Art.jpg	CC0
10	File:Hans Holbein the Younger, Vßtribung Ade Eue, NGA 7770.jpg	CC0
11	File:Hans Holbein - Dance of Death- The Trumpeters of Death - 1929.146 - Cleveland Museum of Art.jpg	CC0
12	File:The Abbot, from The Dance of Death, by Hans Holbein the Younger.jpg	Public domain
13	File:Thirteen Ornamental Letters (A, E, H, O, V, T) LACMA 53.31.2.9a-m (7 of 13).jpg	Public domain
14	File:Thirteen Ornamental Letters (A, E, H, O, V, T) LACMA 53.31.2.9a-m (6 of 13).jpg	Public domain
15	File:Hans Holbein d. J. - The Noble Lady from Dance of Death - WGA11614.jpg	Public domain
16	File:Dülmen, Kirchspiel, Bauerschaft Börnste -- 2021 -- 4406 (bw).jpg	CC BY-SA 4.0
17	File:Dülmen, Kirchspiel, Bauerschaft Börnste -- 2021 -- 4408 (bw).jpg	CC BY-SA 4.0
18	File:Dülmen, Kirchspiel, Bauerschaft Börnste -- 2021 -- 4406 (bw, high-key).jpg	CC BY-SA 4.0
19	File:Capra aegagrus hircus, Neuss (DE) -- 2022 -- 0173.jpg	CC BY-SA 4.0
20	File:Heddal stave church winter.jpg	CC BY 2.0
