1	File:Atropos o Las Parcas.jpg	Public domain
2	File:Pinturas Negras de Goya, Quinta del Sordo, pintura "Átropos" o "Las Parcas", fotografía de Juan Laurent en el año 1874, con iluminación eléctrica, VN-06582 P.jpg	CC BY-SA 2.5 es
3	File:Francisco de Goya, The Fates (Atropos).JPG	Public domain
4	File:Viejos comiendo sopa.jpg	Public domain
5	File:Juan Laurent, Pinturas Negras de Goya, Dos viejos comiendo sopa, año 1874, en la Quinta del Sordo, VN-a-006585 P.jpg	CC BY-SA 2.5 es
6	File:Francisco de Goya y Lucientes - Two Women Eating - WGA10114.jpg	Public domain
7	File:Francisco de Goya y Lucientes - Duelo a garrotazos.jpg	Public domain
8	File:Duelo a garrotazos de Goya fotografíado por J. Laurent.jpg	Public domain
9	File:Duelo a garrotazos de Goya fotografíado por J. Laurent (sin marco2).jpg	Public domain
10	File:Goya-Capricho-43.jpg	Public domain
11	File:Francisco José de Goya y Lucientes - The sleep of reason produces monsters (No. 43), from Los Caprichos - Google Art Project.jpg	Public domain
12	File:Museo del Prado - Goya - Caprichos - No. 43 - El sueño de la razon produce monstruos.jpg	Public domain
13	File:Draugen.jpg	Public domain
14	File:Death in the Sickroom (1896) by Edvard Munch. Original from The Art Institute of Chicago. Digitally enhanced by rawpixel. (50434566596).jpg	CC BY 2.0
