https://thumb.wikimedia.org/wikipedia/commons/thumb/c/c8/Atropos_o_Las_Parcas.jpg/500px-Atropos_o_Las_Parcas.jpg	File:Atropos o Las Parcas.jpg	Public domain
https://thumb.wikimedia.org/wikipedia/commons/thumb/8/8b/Pinturas_Negras_de_Goya%2C_Quinta_del_Sordo%2C_pintura_%22%C3%81tropos%22_o_%22Las_Parcas%22%2C_fotograf%C3%ADa_de_Juan_Laurent_en_el_a%C3%B1o_1874%2C_con_iluminaci%C3%B3n_el%C3%A9ctrica%2C_VN-06582_P.jpg/500px-thumbnail.jpg	File:Pinturas Negras de Goya, Quinta del Sordo, pintura "Átropos" o "Las Parcas", fotografía de Juan Laurent en el año 1874, con iluminación eléctrica, VN-06582 P.jpg	CC BY-SA 2.5 es
https://thumb.wikimedia.org/wikipedia/commons/thumb/8/8d/Francisco_de_Goya%2C_The_Fates_%28Atropos%29.JPG/500px-Francisco_de_Goya%2C_The_Fates_%28Atropos%29.JPG	File:Francisco de Goya, The Fates (Atropos).JPG	Public domain
https://thumb.wikimedia.org/wikipedia/commons/thumb/c/cf/Viejos_comiendo_sopa.jpg/500px-Viejos_comiendo_sopa.jpg	File:Viejos comiendo sopa.jpg	Public domain
https://thumb.wikimedia.org/wikipedia/commons/thumb/3/32/Juan_Laurent%2C_Pinturas_Negras_de_Goya%2C_Dos_viejos_comiendo_sopa%2C_a%C3%B1o_1874%2C_en_la_Quinta_del_Sordo%2C_VN-a-006585_P.jpg/500px-Juan_Laurent%2C_Pinturas_Negras_de_Goya%2C_Dos_viejos_comiendo_sopa%2C_a%C3%B1o_1874%2C_en_la_Quinta_del_Sordo%2C_VN-a-006585_P.jpg	File:Juan Laurent, Pinturas Negras de Goya, Dos viejos comiendo sopa, año 1874, en la Quinta del Sordo, VN-a-006585 P.jpg	CC BY-SA 2.5 es
https://thumb.wikimedia.org/wikipedia/commons/thumb/9/91/Francisco_de_Goya_y_Lucientes_-_Two_Women_Eating_-_WGA10114.jpg/500px-Francisco_de_Goya_y_Lucientes_-_Two_Women_Eating_-_WGA10114.jpg	File:Francisco de Goya y Lucientes - Two Women Eating - WGA10114.jpg	Public domain
https://thumb.wikimedia.org/wikipedia/commons/thumb/8/8c/Francisco_de_Goya_y_Lucientes_-_Duelo_a_garrotazos.jpg/500px-Francisco_de_Goya_y_Lucientes_-_Duelo_a_garrotazos.jpg	File:Francisco de Goya y Lucientes - Duelo a garrotazos.jpg	Public domain
https://thumb.wikimedia.org/wikipedia/commons/thumb/9/9e/Duelo_a_garrotazos_de_Goya_fotograf%C3%ADado_por_J._Laurent.jpg/500px-Duelo_a_garrotazos_de_Goya_fotograf%C3%ADado_por_J._Laurent.jpg	File:Duelo a garrotazos de Goya fotografíado por J. Laurent.jpg	Public domain
https://thumb.wikimedia.org/wikipedia/commons/thumb/c/c0/Duelo_a_garrotazos_de_Goya_fotograf%C3%ADado_por_J._Laurent_%28sin_marco2%29.jpg/500px-Duelo_a_garrotazos_de_Goya_fotograf%C3%ADado_por_J._Laurent_%28sin_marco2%29.jpg	File:Duelo a garrotazos de Goya fotografíado por J. Laurent (sin marco2).jpg	Public domain
https://thumb.wikimedia.org/wikipedia/commons/thumb/e/ee/Goya-Capricho-43.jpg/500px-Goya-Capricho-43.jpg	File:Goya-Capricho-43.jpg	Public domain
https://thumb.wikimedia.org/wikipedia/commons/thumb/b/bc/Francisco_Jos%C3%A9_de_Goya_y_Lucientes_-_The_sleep_of_reason_produces_monsters_%28No._43%29%2C_from_Los_Caprichos_-_Google_Art_Project.jpg/500px-Francisco_Jos%C3%A9_de_Goya_y_Lucientes_-_The_sleep_of_reason_produces_monsters_%28No._43%29%2C_from_Los_Caprichos_-_Google_Art_Project.jpg	File:Francisco José de Goya y Lucientes - The sleep of reason produces monsters (No. 43), from Los Caprichos - Google Art Project.jpg	Public domain
https://thumb.wikimedia.org/wikipedia/commons/thumb/f/f5/Museo_del_Prado_-_Goya_-_Caprichos_-_No._43_-_El_sue%C3%B1o_de_la_razon_produce_monstruos.jpg/500px-Museo_del_Prado_-_Goya_-_Caprichos_-_No._43_-_El_sue%C3%B1o_de_la_razon_produce_monstruos.jpg	File:Museo del Prado - Goya - Caprichos - No. 43 - El sueño de la razon produce monstruos.jpg	Public domain
https://thumb.wikimedia.org/wikipedia/commons/thumb/9/94/Draugen.jpg/500px-Draugen.jpg	File:Draugen.jpg	Public domain
https://thumb.wikimedia.org/wikipedia/commons/thumb/e/e5/Death_in_the_Sickroom_%281896%29_by_Edvard_Munch._Original_from_The_Art_Institute_of_Chicago._Digitally_enhanced_by_rawpixel._%2850434566596%29.jpg/500px-Death_in_the_Sickroom_%281896%29_by_Edvard_Munch._Original_from_The_Art_Institute_of_Chicago._Digitally_enhanced_by_rawpixel._%2850434566596%29.jpg	File:Death in the Sickroom (1896) by Edvard Munch. Original from The Art Institute of Chicago. Digitally enhanced by rawpixel. (50434566596).jpg	CC BY 2.0
