rosa.jpg	Red rose flower close up.jpg	https://commons.wikimedia.org/wiki/File:Red_rose_flower_close_up.jpg	CC BY-SA 4.0	Drsssuresh1961
girasol.jpg	Young sunflower with clear sky background.jpg	https://commons.wikimedia.org/wiki/File:Young_sunflower_with_clear_sky_background.jpg	CC BY-SA 2.0	strumswell
margaritas.jpg	Meadow full of daisies, Idstein.jpg	https://commons.wikimedia.org/wiki/File:Meadow_full_of_daisies,_Idstein.jpg	CC0	Gerda Arendt
rosas_pared.jpg	Bouquet de roses roses.jpg	https://commons.wikimedia.org/wiki/File:Bouquet_de_roses_roses.jpg	CC BY-SA 3.0	Jebulon
ramo.jpg	Bouquet of roses of various colours.jpg	https://commons.wikimedia.org/wiki/File:Bouquet_of_roses_of_various_colours.jpg	CC BY-SA 4.0	Rohini
cafe.jpg	Morning cup of coffee black no sugar.jpg	https://commons.wikimedia.org/wiki/File:Morning_cup_of_coffee_black_no_sugar.jpg	Public domain	Jon Sullivan
amanecer.jpg	Sunrise over a meadow (Unsplash).jpg	https://commons.wikimedia.org/wiki/File:Sunrise_over_a_meadow_(Unsplash).jpg	CC0	Jakub Kriz jakubkriz
playa.jpg	Havelock Island, Mangrove tree on the beach, Andaman Islands.jpg	https://commons.wikimedia.org/wiki/File:Havelock_Island,_Mangrove_tree_on_the_beach,_Andaman_Islands.jpg	CC BY 4.0	Vyacheslav Argenberg
bokeh.jpg	Abstract bokeh lights (22142580635).jpg	https://commons.wikimedia.org/wiki/File:Abstract_bokeh_lights_(22142580635).jpg	CC BY-SA 2.0	Jim Killock
mariposa.jpg	ComputerHotline - Danaus plexippus (by) (3).jpg	https://commons.wikimedia.org/wiki/File:ComputerHotline_-_Danaus_plexippus_(by)_(3).jpg	CC BY 2.0	Thomas Bresson
tulipanes.jpg	Tulip Field Tulips Red Holland Nature Flowers.jpg	https://commons.wikimedia.org/wiki/File:Tulip_Field_Tulips_Red_Holland_Nature_Flowers.jpg	CC0	Filio
