1	File:Francisco de Goya, Saturno devorando a su hijo (1819-1823).jpg	Public domain
2	File:Francisco de Goya, Saturno devorando a su hijo (1819-1823) crop.jpg	CC BY-SA 3.0
3	File:Saturno devorando a sus hijos por Goya.jpg	Public domain
4	File:Francisco de Goya y Lucientes - Saturn Devouring One of his Children - WGA10109.jpg	Public domain
5	File:El Aquelarre (1797-1798).jpg	Public domain
6	File:Francisco de Goya y Lucientes - Witches Sabbath - Google Art Project.jpg	Public domain
7	File:Goya - Witches Sabbath.jpg	Public domain
8	File:Image Sabba quadro di Goya.jpg	Public domain
9	File:Exposición Universal de París de 1878, Palacio del Trocadero, arte español, El Aquelarre de Goya.jpg	CC BY-SA 4.0
10	File:GustaveDoreParadiseLostSatanProfile.jpg	Public domain
11	File:Paradise Lost 12.jpg	Public domain
12	File:Gustave Dore Satan's Despair.jpg	Public domain
13	File:Paradise Lost 25.jpg	Public domain
14	File:Dante and Virgil walking upon the waters of the Styx, illustration to Dante’s Inferno by Gustave Doré, from The Vision of Hell. New Edition, 1866.jpg	Public domain
15	File:Gustave Doré - Dante Alighieri - Inferno - Plate 4 (Dante meets Virgil).jpg	Public domain
16	File:Gustave Doré - Chant 23. Dante and Virgil Escape the Malebranche (c. 1880).jpg	Public domain
17	File:Gustave Doré - Dante Alighieri - Inferno - Plate 7 (Beatrice).jpg	Public domain
18	File:Dore raven shadow2.jpg	Public domain
19	File:Paul Gustave Dore Raven0.jpg	Public domain
20	File:Dore The Raven 1884-23.jpg	Public domain
21	File:Dore The Raven 1884-21.jpg	Public domain
22	File:Destruction of Leviathan.png	Public domain
23	File:122.The Destruction of Leviathan.jpg	Public domain
24	File:Destruction du léviatan de Gustaven Doré (détail).png	CC0
