https://thumb.wikimedia.org/wikipedia/commons/thumb/8/82/Francisco_de_Goya%2C_Saturno_devorando_a_su_hijo_%281819-1823%29.jpg/960px-Francisco_de_Goya%2C_Saturno_devorando_a_su_hijo_%281819-1823%29.jpg	File:Francisco de Goya, Saturno devorando a su hijo (1819-1823).jpg	Public domain
https://thumb.wikimedia.org/wikipedia/commons/thumb/9/9b/Francisco_de_Goya%2C_Saturno_devorando_a_su_hijo_%281819-1823%29_crop.jpg/960px-Francisco_de_Goya%2C_Saturno_devorando_a_su_hijo_%281819-1823%29_crop.jpg	File:Francisco de Goya, Saturno devorando a su hijo (1819-1823) crop.jpg	CC BY-SA 3.0
https://thumb.wikimedia.org/wikipedia/commons/thumb/0/06/Saturno_devorando_a_sus_hijos_por_Goya.jpg/960px-Saturno_devorando_a_sus_hijos_por_Goya.jpg	File:Saturno devorando a sus hijos por Goya.jpg	Public domain
https://upload.wikimedia.org/wikipedia/commons/5/5b/Francisco_de_Goya_y_Lucientes_-_Saturn_Devouring_One_of_his_Children_-_WGA10109.jpg	File:Francisco de Goya y Lucientes - Saturn Devouring One of his Children - WGA10109.jpg	Public domain
https://upload.wikimedia.org/wikipedia/commons/e/ec/El_Aquelarre_%281797-1798%29.jpg	File:El Aquelarre (1797-1798).jpg	Public domain
https://thumb.wikimedia.org/wikipedia/commons/thumb/7/7e/Francisco_de_Goya_y_Lucientes_-_Witches_Sabbath_-_Google_Art_Project.jpg/960px-Francisco_de_Goya_y_Lucientes_-_Witches_Sabbath_-_Google_Art_Project.jpg	File:Francisco de Goya y Lucientes - Witches Sabbath - Google Art Project.jpg	Public domain
https://thumb.wikimedia.org/wikipedia/commons/thumb/5/54/Goya_-_Witches_Sabbath.jpg/960px-Goya_-_Witches_Sabbath.jpg	File:Goya - Witches Sabbath.jpg	Public domain
https://upload.wikimedia.org/wikipedia/commons/f/fa/Image_Sabba_quadro_di_Goya.jpg	File:Image Sabba quadro di Goya.jpg	Public domain
https://thumb.wikimedia.org/wikipedia/commons/thumb/0/01/Exposici%C3%B3n_Universal_de_Par%C3%ADs_de_1878%2C_Palacio_del_Trocadero%2C_arte_espa%C3%B1ol%2C_El_Aquelarre_de_Goya.jpg/960px-Exposici%C3%B3n_Universal_de_Par%C3%ADs_de_1878%2C_Palacio_del_Trocadero%2C_arte_espa%C3%B1ol%2C_El_Aquelarre_de_Goya.jpg	File:Exposición Universal de París de 1878, Palacio del Trocadero, arte español, El Aquelarre de Goya.jpg	CC BY-SA 4.0
https://upload.wikimedia.org/wikipedia/commons/9/90/GustaveDoreParadiseLostSatanProfile.jpg	File:GustaveDoreParadiseLostSatanProfile.jpg	Public domain
https://thumb.wikimedia.org/wikipedia/commons/thumb/9/9d/Paradise_Lost_12.jpg/960px-Paradise_Lost_12.jpg	File:Paradise Lost 12.jpg	Public domain
https://thumb.wikimedia.org/wikipedia/commons/thumb/6/6a/Gustave_Dore_Satan%27s_Despair.jpg/960px-Gustave_Dore_Satan%27s_Despair.jpg	File:Gustave Dore Satan's Despair.jpg	Public domain
https://thumb.wikimedia.org/wikipedia/commons/thumb/5/58/Paradise_Lost_25.jpg/960px-Paradise_Lost_25.jpg	File:Paradise Lost 25.jpg	Public domain
https://upload.wikimedia.org/wikipedia/commons/d/df/Dante_and_Virgil_walking_upon_the_waters_of_the_Styx%2C_illustration_to_Dante%E2%80%99s_Inferno_by_Gustave_Dor%C3%A9%2C_from_The_Vision_of_Hell._New_Edition%2C_1866.jpg	File:Dante and Virgil walking upon the waters of the Styx, illustration to Dante’s Inferno by Gustave Doré, from The Vision of Hell. New Edition, 1866.jpg	Public domain
https://thumb.wikimedia.org/wikipedia/commons/thumb/3/34/Gustave_Dor%C3%A9_-_Dante_Alighieri_-_Inferno_-_Plate_4_%28Dante_meets_Virgil%29.jpg/960px-Gustave_Dor%C3%A9_-_Dante_Alighieri_-_Inferno_-_Plate_4_%28Dante_meets_Virgil%29.jpg	File:Gustave Doré - Dante Alighieri - Inferno - Plate 4 (Dante meets Virgil).jpg	Public domain
https://thumb.wikimedia.org/wikipedia/commons/thumb/c/c6/Gustave_Dor%C3%A9_-_Chant_23._Dante_and_Virgil_Escape_the_Malebranche_%28c._1880%29.jpg/960px-Gustave_Dor%C3%A9_-_Chant_23._Dante_and_Virgil_Escape_the_Malebranche_%28c._1880%29.jpg	File:Gustave Doré - Chant 23. Dante and Virgil Escape the Malebranche (c. 1880).jpg	Public domain
https://thumb.wikimedia.org/wikipedia/commons/thumb/7/79/Gustave_Dor%C3%A9_-_Dante_Alighieri_-_Inferno_-_Plate_7_%28Beatrice%29.jpg/960px-Gustave_Dor%C3%A9_-_Dante_Alighieri_-_Inferno_-_Plate_7_%28Beatrice%29.jpg	File:Gustave Doré - Dante Alighieri - Inferno - Plate 7 (Beatrice).jpg	Public domain
https://thumb.wikimedia.org/wikipedia/commons/thumb/c/c2/Dore_raven_shadow2.jpg/960px-Dore_raven_shadow2.jpg	File:Dore raven shadow2.jpg	Public domain
https://upload.wikimedia.org/wikipedia/commons/c/c0/Paul_Gustave_Dore_Raven0.jpg	File:Paul Gustave Dore Raven0.jpg	Public domain
https://thumb.wikimedia.org/wikipedia/commons/thumb/2/26/Dore_The_Raven_1884-23.jpg/960px-Dore_The_Raven_1884-23.jpg	File:Dore The Raven 1884-23.jpg	Public domain
https://thumb.wikimedia.org/wikipedia/commons/thumb/1/1c/Dore_The_Raven_1884-21.jpg/960px-Dore_The_Raven_1884-21.jpg	File:Dore The Raven 1884-21.jpg	Public domain
https://thumb.wikimedia.org/wikipedia/commons/thumb/9/9d/Destruction_of_Leviathan.png/960px-Destruction_of_Leviathan.png	File:Destruction of Leviathan.png	Public domain
https://thumb.wikimedia.org/wikipedia/commons/thumb/3/38/122.The_Destruction_of_Leviathan.jpg/960px-122.The_Destruction_of_Leviathan.jpg	File:122.The Destruction of Leviathan.jpg	Public domain
https://upload.wikimedia.org/wikipedia/commons/0/0b/Destruction_du_l%C3%A9viatan_de_Gustaven_Dor%C3%A9_%28d%C3%A9tail%29.png	File:Destruction du léviatan de Gustaven Doré (détail).png	CC0
